Mickel Mick,mick,99548
Steve Baker,bake,99548
Claudio Ordaz,zqa635,99548
Jerry Senior,jerry,99548
Steve Baker,bake,25358
Tammy Tabitha,tabtab,94340
John White,whitman,70453
Steve Sushimi,shishi,70453
Mason Henderson,hende,70453
Hououin Kyoma,okarin,70453
Hououin Kyoma,okarin,39650
Steve Sushimi,shishi,39650
John White,whitman,39650
Mason Henderson,hende,39650
Little Green,piccolo,39650
Steve Sushimi,shishi,77077
John White,whitman,77077
Tammy Tabitha,tabtab,77077
Mason Henderson,hende,77077
Little Green,piccolo,77077
Hououin Kyoma,okarin,77077
Mason Henderson,hende,16685
Tammy Tabitha,tabtab,16685
Little Green,piccolo,16685
Little Green,piccolo,60849
Steve Sushimi,shishi,60849
Mason Henderson,hende,60849
Hououin Kyoma,okarin,60849
John White,whitman,72669
Mason Henderson,hende,72669
Hououin Kyoma,okarin,72669
Hououin Kyoma,okarin,94398
